Order ID,Order Date,CustomerName,State,City,Amount,Profit,Quantity,Category,Sub-Category,PaymentMode,Latitude ,Longitude
B-26055,10-Mar-18,Harivansh,Uttar Pradesh,Mathura,5729,64,14,Furniture,Chairs,EMI,27.4924° N,77.6737° E
B-25993,3-Feb-18,Madhav,Delhi,Delhi,610,208,3,Electronics,Printers,COD,28.7041° N,77.1025° E
B-25973,24-Jan-18,Madan Mohan,Uttar Pradesh,Mathura,398,111,8,Clothing,Hankerchief,COD,27.4924° N,77.6737° E
B-25923,27-Dec-18,Gopal,Maharashtra,Mumbai,3873,-891,6,Electronics,Phones,Credit Card,19.0760° N,72.8777° E
B-25757,21-Aug-18,Vishakha,Madhya Pradesh,Indore,17,-13,4,Clothing,Skirt,Debit Card,22.7196° N,75.8577° E
B-25967,21-Jan-18,Sudevi,Uttar Pradesh,Prayagraj,17,2,2,Clothing,Skirt,Debit Card,25.4358° N,81.8463° E
B-25955,16-Jan-18,Shiva,Maharashtra,Pune,2927,146,8,Furniture,Bookcases,EMI,18.5204° N,73.8567° E
B-26093,27-Mar-18,Sarita,Maharashtra,Pune,2847,712,8,Electronics,Printers,Credit Card,18.5204° N,73.8567° E
B-25798,1-Oct-18,Shishu,Andhra Pradesh,Hyderabad,448,148,2,Electronics,Printers,COD,17.4065° N,78.4772° E
B-25602,1-Apr-18,Vrinda,Maharashtra,Pune,2617,1151,4,Electronics,Phones,Credit Card,18.5204° N,73.8567° E
B-25858,13-Nov-18,Uudhav,Maharashtra,Mumbai,29,11,4,Clothing,Skirt,COD,19.0760° N,72.8777° E
B-25969,21-Jan-18,Shreyshi,Gujarat,Surat,171,17,6,Clothing,T-shirt,UPI,21.1702° N,72.8311° E
B-26099,30-Mar-18,Bhishm,Maharashtra,Mumbai,207,37,4,Clothing,Hankerchief,COD,19.0760° N,72.8777° E
B-25997,4-Feb-18,Yogesh,Maharashtra,Pune,231,99,2,Electronics,Electronic Games,Credit Card,18.5204° N,73.8567° E
B-25881,25-Nov-18,Lalita,Uttar Pradesh,Mathura,2244,247,4,Clothing,Trousers,Credit Card,27.4924° N,77.6737° E
B-25761,25-Aug-18,Madhav,Uttar Pradesh,Mathura,2188,1050,5,Furniture,Bookcases,Credit Card,27.4924° N,77.6737° E
B-25887,1-Dec-18,Vishakha,Uttar Pradesh,Prayagraj,2125,-234,6,Electronics,Printers,EMI,25.4358° N,81.8463° E
B-25823,18-Oct-18,Rohan,Maharashtra,Mumbai,59,6,1,Electronics,Accessories,UPI,19.0760° N,72.8777° E
B-25853,8-Nov-18,Gaurav,Gujarat,Ahmedabad,2093,721,5,Furniture,Chairs,Credit Card,23.0225° N,72.5714° E
B-25862,15-Nov-18,Amol,Bihar,Patna,121,41,4,Clothing,Stole,EMI,25.5941° N,85.1376° E
B-25830,26-Oct-18,Aastha,Himachal Pradesh,Simla,1954,782,3,Electronics,Phones,Credit Card,31.1050° N,77.1640° E
B-25786,19-Sep-18,Madan Mohan,Uttar Pradesh,Mathura,1854,433,5,Furniture,Bookcases,Credit Card,27.4924° N,77.6737° E
B-25686,11-Jun-18,Pooja,Himachal Pradesh,Simla,1829,-56,6,Furniture,Tables,Credit Card,31.1050° N,77.1640° E
B-26022,18-Feb-18,Shrichand,Punjab,Chandigarh,1824,1303,8,Electronics,Phones,Credit Card,30.7333° N,76.7794° E
B-26003,8-Feb-18,Hitesh,Madhya Pradesh,Bhopal,1745,122,2,Furniture,Tables,Credit Card,23.2599° N,77.4126° E
B-25755,19-Aug-18,Shourya,Kerala ,Thiruvananthapuram,1709,564,3,Clothing,Trousers,Credit Card,8.5241° N,76.9366° E
B-25902,10-Dec-18,Ishpreet,Maharashtra,Mumbai,268,6,2,Furniture,Bookcases,UPI,19.0760° N,72.8777° E
B-25935,4-Jan-18,Sudhir,Nagaland,Kohima,1657,460,4,Furniture,Chairs,Credit Card,25.6751° N,94.1086° E
B-25797,30-Sep-18,Sauptik,Madhya Pradesh,Indore,1630,802,5,Furniture,Tables,EMI,22.7196° N,75.8577° E
B-25639,27-Apr-18,Lisha,Madhya Pradesh,Bhopal,1629,-153,3,Electronics,Phones,COD,23.2599° N,77.4126° E
B-25681,4-Jun-18,Bhawna,Madhya Pradesh,Indore,1096,658,7,Electronics,Electronic Games,COD,22.7196° N,75.8577° E
B-25909,13-Dec-18,Sujay,Maharashtra,Pune,1622,-448,3,Electronics,Phones,EMI,18.5204° N,73.8567° E
B-25910,14-Dec-18,Jay,Delhi,Delhi,1622,-624,5,Furniture,Tables,Credit Card,28.7041° N,77.1025° E
B-25950,13-Jan-18,Shruti,Madhya Pradesh,Indore,1622,95,5,Electronics,Printers,Credit Card,22.7196° N,75.8577° E
B-25613,12-Apr-18,Mohan,Haryana,Chandigarh,1603,0,9,Clothing,Saree,Credit Card,30.7333° N,76.7794° E
B-25919,23-Dec-18,Neha,Rajasthan,Udaipur,110,12,7,Clothing,Stole,Debit Card,24.5854° N,73.7125° E
B-25768,1-Sep-18,Shreyoshe,Karnataka,Bangalore,1582,-443,6,Clothing,Trousers,EMI,12.9716° N,77.5946° E
B-25629,24-Apr-18,Hemant,Kerala ,Thiruvananthapuram,1560,421,3,Clothing,Trousers,COD,8.5241° N,76.9366° E
B-25729,22-Jul-18,Madhulika,Madhya Pradesh,Bhopal,1549,-439,4,Electronics,Phones,Credit Card,23.2599° N,77.4126° E
B-25943,9-Jan-18,Shardul,Gujarat,Ahmedabad,1547,340,6,Electronics,Accessories,EMI,23.0225° N,72.5714° E
B-25842,2-Nov-18,Sheetal,Maharashtra,Pune,1543,370,8,Electronics,Printers,Credit Card,18.5204° N,73.8567° E
B-26073,21-Mar-18,Pournamasi,Madhya Pradesh,Indore,37,17,3,Clothing,Hankerchief,Debit Card,22.7196° N,75.8577° E
B-25778,11-Sep-18,Surabhi,Maharashtra,Mumbai,1506,-266,6,Electronics,Printers,Credit Card,19.0760° N,72.8777° E
B-25717,12-Jul-18,Manshul,Uttar Pradesh,Lucknow,561,212,3,Clothing,Saree,Credit Card,26.8467° N,80.9462° E
B-26085,26-Mar-18,Shrichand,Punjab,Chandigarh,1487,624,3,Clothing,Trousers,Credit Card,30.7333° N,76.7794° E
B-26048,4-Mar-18,Parth,Maharashtra,Pune,1461,202,5,Furniture,Tables,EMI,18.5204° N,73.8567° E
B-25793,24-Sep-18,Siddharth,Madhya Pradesh,Indore,60,-12,4,Clothing,Hankerchief,Debit Card,22.7196° N,75.8577° E
B-25656,11-May-18,Priyanka,Maharashtra,Pune,24,-1,2,Clothing,Hankerchief,COD,18.5204° N,73.8567° E
B-25608,8-Apr-18,Aarushi,Tamil Nadu,Chennai,1364,1864,5,Furniture,Tables,Credit Card,13.0843° N,80.2705° E
B-25752,14-Aug-18,Vaibhav,Madhya Pradesh,Indore,761,266,9,Electronics,Electronic Games,COD,22.7196° N,75.8577° E
B-25779,12-Sep-18,Savi,Maharashtra,Pune,1361,980,3,Furniture,Tables,COD,18.5204° N,73.8567° E
B-25603,3-Apr-18,Jahan,Madhya Pradesh,Bhopal,12,1,2,Clothing,Hankerchief,COD,23.2599° N,77.4126° E
B-26051,7-Mar-18,Parishi,West Bengal,Kolkata,1337,147,7,Electronics,Printers,Credit Card,22.5744° N,88.3629° E
B-25653,8-May-18,Farah,Nagaland,Kohima,1279,-640,8,Electronics,Printers,EMI,25.6751° N,94.1086° E
B-25855,8-Nov-18,Abhijeet,Madhya Pradesh,Bhopal,829,19,4,Electronics,Printers,Credit Card,23.2599° N,77.4126° E
B-25762,26-Aug-18,Anudeep,Madhya Pradesh,Indore,1316,527,7,Electronics,Electronic Games,Credit Card,22.7196° N,75.8577° E
B-25995,4-Feb-18,Yohann,Delhi,Delhi,1314,342,3,Furniture,Bookcases,Credit Card,28.7041° N,77.1025° E
B-25929,2-Jan-18,Girase,Kerala ,Thiruvananthapuram,1308,536,3,Furniture,Bookcases,Credit Card,8.5241° N,76.9366° E
B-26006,9-Feb-18,Arpita,Karnataka,Bangalore,1301,573,5,Electronics,Accessories,Credit Card,12.9716° N,77.5946° E
B-25697,22-Jun-18,Vijay,Jammu and Kashmir,Kashmir,1300,-16,8,Electronics,Printers,Credit Card,33.2778° N,75.3412° E
B-25836,29-Oct-18,Arti,Maharashtra,Pune,1298,65,9,Electronics,Printers,EMI,18.5204° N,73.8567° E
B-25601,1-Apr-18,Bharat,Gujarat,Ahmedabad,80,-56,4,Electronics,Electronic Games,UPI,23.0225° N,72.5714° E
B-25873,23-Nov-18,Divyeta,Madhya Pradesh,Indore,42,12,2,Clothing,Kurti,COD,22.7196° N,75.8577° E
B-26028,20-Feb-18,Manju,Andhra Pradesh,Hyderabad,1272,547,2,Electronics,Phones,COD,17.4065° N,78.4772° E
B-25964,20-Jan-18,Oshin,Maharashtra,Pune,346,108,3,Furniture,Chairs,COD,18.5204° N,73.8567° E
B-25676,1-Jun-18,Chandni,Rajasthan,Jaipur,674,-187,2,Furniture,Tables,COD,26.9124° N,75.7873° E
B-25839,30-Oct-18,Pranjali,West Bengal,Kolkata,1250,486,7,Clothing,Saree,EMI,22.5744° N,88.3629° E
B-25894,4-Dec-18,Monu,Punjab,Amritsar,1246,62,3,Furniture,Bookcases,EMI,31.6340° N,74.8723° E
B-25925,29-Dec-18,Shruti,Maharashtra,Mumbai,27,12,1,Clothing,Stole,Debit Card,19.0760° N,72.8777° E
B-25953,14-Jan-18,Krutika,Andhra Pradesh,Hyderabad,744,119,6,Electronics,Printers,COD,17.4065° N,78.4772° E
B-25772,2-Sep-18,Sanjana,Bihar,Patna,1183,106,4,Electronics,Printers,EMI,25.5941° N,85.1376° E
B-25957,18-Jan-18,Mahima,Madhya Pradesh,Indore,147,73,3,Clothing,Stole,COD,22.7196° N,75.8577° E
B-25730,22-Jul-18,Rishabh,Rajasthan,Jaipur,1145,-706,3,Electronics,Phones,Credit Card,26.9124° N,75.7873° E
B-25877,24-Nov-18,Dashyam,Gujarat,Surat,24,8,2,Clothing,Skirt,Debit Card,21.1702° N,72.8311° E
B-26067,16-Mar-18,Tulika,Madhya Pradesh,Bhopal,1137,-14,7,Electronics,Printers,EMI,23.2599° N,77.4126° E
B-25810,10-Oct-18,Nripraj,Punjab,Chandigarh,1120,199,6,Clothing,Saree,EMI,30.7333° N,76.7794° E
B-25868,18-Nov-18,Vikash,Goa,Goa,1118,206,2,Furniture,Tables,Credit Card,15.2993° N,74.1240° E
B-26023,19-Feb-18,Mukesh,Haryana,Chandigarh,66,22,3,Clothing,Stole,UPI,30.7333° N,76.7794° E
B-25626,23-Apr-18,Bhishm,Maharashtra,Mumbai,46,-14,1,Electronics,Phones,COD,19.0760° N,72.8777° E
B-25937,5-Jan-18,Ankit,Haryana,Chandigarh,1101,352,3,Furniture,Bookcases,UPI,30.7333° N,76.7794° E
B-25610,9-Apr-18,Yogesh,Bihar,Patna,43,0,3,Clothing,Saree,Debit Card,25.5941° N,85.1376° E
B-25777,10-Sep-18,Aditi,Madhya Pradesh,Indore,1076,-38,4,Electronics,Printers,Credit Card,22.7196° N,75.8577° E
B-25738,2-Aug-18,Ayush,Punjab,Chandigarh,70,-14,2,Furniture,Furnishings,UPI,30.7333° N,76.7794° E
B-25978,27-Jan-18,Parin,Maharashtra,Mumbai,341,160,7,Clothing,Stole,Debit Card,19.0760° N,72.8777° E
B-25643,29-Apr-18,Kirti,Jammu and Kashmir,Kashmir,50,-44,2,Clothing,Hankerchief,UPI,33.2778° N,75.3412° E
B-25728,22-Jul-18,Ameesha,Maharashtra,Pune,1055,264,4,Electronics,Printers,EMI,18.5204° N,73.8567° E
B-25749,13-Aug-18,Ayush,Maharashtra,Mumbai,1052,-82,3,Furniture,Bookcases,UPI,19.0760° N,72.8777° E
B-25667,23-May-18,Anjali,Haryana,Chandigarh,11,-2,4,Clothing,Hankerchief,COD,30.7333° N,76.7794° E
B-25657,13-May-18,Tulika,Madhya Pradesh,Bhopal,1021,-48,4,Electronics,Electronic Games,EMI,23.2599° N,77.4126° E
B-25753,17-Aug-18,Shivam,Uttar Pradesh,Lucknow,341,-85,6,Clothing,Trousers,Credit Card,26.8467° N,80.9462° E
B-26061,14-Mar-18,Anurag,Madhya Pradesh,Indore,965,-68,3,Electronics,Printers,COD,22.7196° N,75.8577° E
B-25838,29-Oct-18,Sanjana,Madhya Pradesh,Indore,161,40,3,Clothing,Stole,COD,22.7196° N,75.8577° E
B-25702,27-Jun-18,Shaily,Maharashtra,Mumbai,75,0,3,Clothing,Shirt,EMI,19.0760° N,72.8777° E
B-25952,13-Jan-18,Priyanka,Madhya Pradesh,Indore,14,0,4,Clothing,Hankerchief,UPI,22.7196° N,75.8577° E
B-25666,22-May-18,Tanvi,Punjab,Chandigarh,934,-916,7,Electronics,Electronic Games,COD,30.7333° N,76.7794° E
B-25675,31-May-18,Shreya,Madhya Pradesh,Bhopal,929,-93,9,Clothing,Saree,COD,23.2599° N,77.4126° E
B-25650,6-May-18,Chirag,Maharashtra,Mumbai,512,-225,5,Clothing,Saree,COD,19.0760° N,72.8777° E
B-25986,31-Jan-18,Shweta,Rajasthan,Udaipur,749,-307,7,Furniture,Furnishings,COD,24.5854° N,73.7125° E
B-25850,5-Nov-18,Abhishek,Goa,Goa,916,192,11,Electronics,Phones,COD,15.2993° N,74.1240° E
B-25898,7-Dec-18,Abhishek,Rajasthan,Udaipur,857,-274,2,Furniture,Tables,COD,24.5854° N,73.7125° E
B-25813,10-Oct-18,Hrisheekesh,Maharashtra,Mumbai,911,202,7,Furniture,Chairs,COD,19.0760° N,72.8777° E
B-25825,21-Oct-18,Kartik,Madhya Pradesh,Indore,140,6,5,Clothing,Saree,COD,22.7196° N,75.8577° E
B-25954,14-Jan-18,Trupti,Gujarat,Ahmedabad,27,0,2,Clothing,Leggings,COD,23.0225° N,72.5714° E
B-25696,21-Jun-18,Noopur,Karnataka,Bangalore,275,-275,4,Clothing,Saree,COD,12.9716° N,77.5946° E
B-25638,26-Apr-18,Parth,Maharashtra,Pune,182,-11,3,Furniture,Bookcases,Credit Card,18.5204° N,73.8567° E
B-25747,11-Aug-18,Harsh,Madhya Pradesh,Bhopal,877,395,2,Furniture,Bookcases,Credit Card,23.2599° N,77.4126° E
B-25904,10-Dec-18,Swapnil,Delhi,Delhi,83,12,2,Furniture,Chairs,COD,28.7041° N,77.1025° E
B-25852,7-Nov-18,Soumyabrata,Andhra Pradesh,Hyderabad,869,67,4,Furniture,Tables,COD,17.4065° N,78.4772° E
B-25981,28-Jan-18,Amruta,Delhi,Delhi,867,251,5,Electronics,Phones,COD,28.7041° N,77.1025° E
B-25899,8-Dec-18,Aishwarya,Uttar Pradesh,Prayagraj,22,9,2,Clothing,Leggings,Debit Card,25.4358° N,81.8463° E
B-25870,20-Nov-18,Pranav,Andhra Pradesh,Hyderabad,845,84,7,Clothing,Saree,Credit Card,17.4065° N,78.4772° E
B-26040,26-Feb-18,Sahil,Punjab,Chandigarh,38,9,2,Clothing,Stole,COD,30.7333° N,76.7794° E
B-25671,27-May-18,Mitali,Nagaland,Kohima,832,0,3,Clothing,Trousers,UPI,25.6751° N,94.1086° E
B-26100,31-Mar-18,Hitika,Madhya Pradesh,Indore,828,230,2,Furniture,Chairs,COD,22.7196° N,75.8577° E
B-25651,7-May-18,Anurag,Madhya Pradesh,Indore,823,-18,7,Furniture,Chairs,COD,22.7196° N,75.8577° E
B-25968,21-Jan-18,Paromita,Punjab,Amritsar,811,154,7,Electronics,Accessories,UPI,31.6340° N,74.8723° E
B-26019,15-Feb-18,Jitesh,Uttar Pradesh,Lucknow,585,175,13,Clothing,T-shirt,COD,26.8467° N,80.9462° E
B-25664,20-May-18,Pratyusmita,Bihar,Patna,444,-200,4,Electronics,Phones,EMI,25.5941° N,85.1376° E
B-26033,22-Feb-18,Atharv,West Bengal,Kolkata,774,170,3,Electronics,Accessories,COD,22.5744° N,88.3629° E
B-26052,8-Mar-18,Ajay,Karnataka,Bangalore,774,170,3,Electronics,Accessories,COD,12.9716° N,77.5946° E
B-25999,5-Feb-18,Diwakar,Delhi,Delhi,223,62,7,Clothing,Shirt,COD,28.7041° N,77.1025° E
B-25781,14-Sep-18,Rutuja,Gujarat,Ahmedabad,45,-28,2,Clothing,Stole,Debit Card,23.0225° N,72.5714° E
B-25764,28-Aug-18,Sanjova,Maharashtra,Pune,26,0,2,Clothing,Kurti,COD,18.5204° N,73.8567° E
B-25803,5-Oct-18,Shivanshu,Madhya Pradesh,Indore,765,8,6,Clothing,Saree,EMI,22.7196° N,75.8577° E
B-25945,11-Jan-18,Mhatre,Madhya Pradesh,Indore,765,-36,3,Electronics,Electronic Games,COD,22.7196° N,75.8577° E
B-26086,26-Mar-18,Mukesh,Haryana,Chandigarh,762,101,6,Electronics,Printers,COD,30.7333° N,76.7794° E
B-25845,3-Nov-18,Snel,Kerala ,Thiruvananthapuram,82,-33,4,Clothing,Kurti,COD,8.5241° N,76.9366° E
B-25817,13-Oct-18,Praneet,Maharashtra,Mumbai,743,89,5,Electronics,Printers,UPI,19.0760° N,72.8777° E
B-25951,13-Jan-18,Jesal,West Bengal,Kolkata,742,198,2,Furniture,Bookcases,Credit Card,22.5744° N,88.3629° E
B-25970,22-Jan-18,Rhea,Maharashtra,Mumbai,742,198,2,Furniture,Bookcases,COD,19.0760° N,72.8777° E
B-25878,24-Nov-18,Mrinal,Maharashtra,Mumbai,741,267,5,Furniture,Bookcases,COD,19.0760° N,72.8777° E
B-26057,10-Mar-18,Sharda,Kerala ,Thiruvananthapuram,659,-37,2,Furniture,Bookcases,Credit Card,8.5241° N,76.9366° E
B-25885,28-Nov-18,Shatayu,Madhya Pradesh,Indore,734,248,2,Furniture,Chairs,COD,22.7196° N,75.8577° E
B-25897,6-Dec-18,Rohan,Madhya Pradesh,Indore,734,213,6,Electronics,Electronic Games,Credit Card,22.7196° N,75.8577° E
B-25756,20-Aug-18,Mohan,Maharashtra,Mumbai,729,-492,5,Furniture,Bookcases,UPI,19.0760° N,72.8777° E
B-25859,14-Nov-18,Chikku,Madhya Pradesh,Indore,724,253,2,Furniture,Bookcases,UPI,22.7196° N,75.8577° E
B-25691,16-Jun-18,Akancha,Maharashtra,Mumbai,714,56,4,Clothing,Saree,COD,19.0760° N,72.8777° E
B-25633,26-Apr-18,Amit,Sikkim,Gangtok,496,-79,2,Clothing,Trousers,COD,27.3314° N,88.6138° E
B-25708,1-Jul-18,Kishwar,Madhya Pradesh,Indore,709,-100,5,Electronics,Phones,COD,22.7196° N,75.8577° E
B-25831,27-Oct-18,Mahima,Sikkim,Gangtok,693,254,6,Clothing,Saree,COD,27.3314° N,88.6138° E
B-25856,10-Nov-18,Abhijeet,Maharashtra,Mumbai,257,3,2,Clothing,Saree,COD,19.0760° N,72.8777° E
B-25893,4-Dec-18,Vrinda,Uttar Pradesh,Mathura,61,11,3,Clothing,Kurti,COD,27.4924° N,77.6737° E
B-25959,18-Jan-18,Muskan,Madhya Pradesh,Indore,681,259,4,Furniture,Chairs,COD,22.7196° N,75.8577° E
B-26000,6-Feb-18,Shubham,Delhi,Delhi,676,151,3,Electronics,Printers,Credit Card,28.7041° N,77.1025° E
B-26097,28-Mar-18,Vini,Karnataka,Bangalore,663,-212,5,Electronics,Printers,UPI,12.9716° N,77.5946° E
B-25745,9-Aug-18,Kartik,Gujarat,Ahmedabad,296,225,11,Clothing,Saree,COD,23.0225° N,72.5714° E
B-25974,25-Jan-18,Manisha,Rajasthan,Udaipur,662,240,2,Furniture,Bookcases,COD,24.5854° N,73.7125° E
B-25670,25-May-18,Charika,Goa,Goa,24,1,2,Clothing,Hankerchief,UPI,15.2993° N,74.1240° E
B-25848,3-Nov-18,Rohan,Himachal Pradesh,Simla,648,50,6,Electronics,Electronic Games,Credit Card,31.1050° N,77.1640° E
B-25888,2-Dec-18,Rohan,Punjab,Amritsar,646,-213,3,Electronics,Electronic Games,COD,31.6340° N,74.8723° E
B-25942,8-Jan-18,Ankur,Andhra Pradesh,Hyderabad,646,-23,2,Electronics,Printers,Credit Card,17.4065° N,78.4772° E
B-25847,3-Nov-18,Aniket,Haryana,Chandigarh,643,225,2,Electronics,Printers,COD,30.7333° N,76.7794° E
B-25636,26-Apr-18,Nishi,Maharashtra,Mumbai,637,113,5,Clothing,Saree,UPI,19.0760° N,72.8777° E
B-25826,22-Oct-18,Tanushree,Maharashtra,Mumbai,637,261,2,Electronics,Printers,COD,19.0760° N,72.8777° E
B-26081,22-Mar-18,Aarushi,Tamil Nadu,Chennai,24,11,3,Clothing,Hankerchief,Debit Card,13.0843° N,80.2705° E
B-25625,23-Apr-18,Pinky,Jammu and Kashmir,Kashmir,59,-30,3,Clothing,Leggings,Debit Card,33.2778° N,75.3412° E
B-25802,5-Oct-18,Yash,Maharashtra,Mumbai,25,-7,5,Clothing,Saree,UPI,19.0760° N,72.8777° E
B-25693,18-Jun-18,Parna,Madhya Pradesh,Bhopal,76,-72,9,Clothing,Hankerchief,COD,23.2599° N,77.4126° E
B-25796,24-Sep-18,Sukrith,Maharashtra,Mumbai,632,-316,6,Clothing,Saree,COD,19.0760° N,72.8777° E
B-25806,6-Oct-18,Dhanraj,Madhya Pradesh,Indore,632,-114,4,Furniture,Tables,UPI,22.7196° N,75.8577° E
B-25710,5-Jul-18,Megha,Maharashtra,Pune,10,-1,1,Clothing,Leggings,UPI,18.5204° N,73.8567° E
B-25669,25-May-18,Piyali,Sikkim,Gangtok,610,-66,2,Furniture,Tables,COD,27.3314° N,88.6138° E
B-25857,10-Nov-18,Anand,Madhya Pradesh,Indore,324,39,8,Electronics,Accessories,Credit Card,22.7196° N,75.8577° E
B-25785,15-Sep-18,Ayush,West Bengal,Kolkata,595,292,3,Clothing,Saree,COD,22.5744° N,88.3629° E
B-25930,3-Jan-18,Monica,Punjab,Chandigarh,595,119,4,Furniture,Bookcases,COD,30.7333° N,76.7794° E
B-26053,9-Mar-18,Kirti,Jammu and Kashmir,Kashmir,594,89,3,Furniture,Bookcases,COD,33.2778° N,75.3412° E
B-26070,18-Mar-18,Shruti,Karnataka,Bangalore,582,262,5,Furniture,Furnishings,COD,12.9716° N,77.5946° E
B-25791,24-Sep-18,Avish,Kerala ,Thiruvananthapuram,565,66,7,Clothing,Saree,Credit Card,8.5241° N,76.9366° E
B-25983,30-Jan-18,Atul,Delhi,Delhi,561,118,5,Furniture,Bookcases,Credit Card,28.7041° N,77.1025° E
B-25979,27-Jan-18,Shivangi,Madhya Pradesh,Indore,284,45,2,Furniture,Bookcases,EMI,22.7196° N,75.8577° E
B-26054,10-Mar-18,Mayank,Maharashtra,Mumbai,246,98,5,Clothing,Hankerchief,COD,19.0760° N,72.8777° E
B-26078,22-Mar-18,Kasheen,West Bengal,Kolkata,557,-111,2,Electronics,Electronic Games,COD,22.5744° N,88.3629° E
B-25787,20-Sep-18,Asish,Jammu and Kashmir,Kashmir,556,-209,7,Clothing,Saree,COD,33.2778° N,75.3412° E
B-25682,7-Jun-18,Krutika,Bihar,Patna,545,-73,11,Electronics,Phones,COD,25.5941° N,85.1376° E
B-25962,19-Jan-18,Tejeswini,Maharashtra,Pune,544,-152,3,Furniture,Bookcases,COD,18.5204° N,73.8567° E
B-25750,14-Aug-18,Priyanshu,Madhya Pradesh,Indore,19,-1,1,Clothing,Shirt,Debit Card,22.7196° N,75.8577° E
B-25828,24-Oct-18,Nikita,Punjab,Chandigarh,537,107,3,Clothing,Saree,COD,30.7333° N,76.7794° E
B-25622,22-Apr-18,Monisha,Rajasthan,Jaipur,534,0,3,Clothing,Saree,Debit Card,26.9124° N,75.7873° E
B-25751,14-Aug-18,Nishant,Maharashtra,Mumbai,32,7,3,Clothing,Hankerchief,COD,19.0760° N,72.8777° E
B-25685,10-Jun-18,Sheetal,Madhya Pradesh,Indore,264,-30,3,Furniture,Furnishings,Debit Card,22.7196° N,75.8577° E
B-26010,11-Feb-18,Kartikay,Bihar,Patna,55,3,3,Clothing,T-shirt,COD,25.5941° N,85.1376° E
B-26035,23-Feb-18,Pinky,Jammu and Kashmir,Kashmir,520,151,3,Electronics,Phones,Credit Card,33.2778° N,75.3412° E
B-25698,23-Jun-18,Amisha,Tamil Nadu,Chennai,516,392,8,Furniture,Chairs,COD,13.0843° N,80.2705° E
B-25966,21-Jan-18,Soumya,Rajasthan,Udaipur,510,234,6,Electronics,Electronic Games,EMI,24.5854° N,73.7125° E
B-25832,28-Oct-18,Harshita,Maharashtra,Mumbai,504,116,3,Furniture,Bookcases,COD,19.0760° N,72.8777° E
B-25743,7-Aug-18,Aman,Nagaland,Kohima,503,-56,2,Clothing,Trousers,COD,25.6751° N,94.1086° E
B-25886,28-Nov-18,Brijesh,Rajasthan,Udaipur,502,84,4,Electronics,Phones,COD,24.5854° N,73.7125° E
B-25975,25-Jan-18,Priyanka,Uttar Pradesh,Prayagraj,29,2,3,Clothing,Skirt,COD,25.4358° N,81.8463° E
B-26098,29-Mar-18,Pinky,Jammu and Kashmir,Kashmir,96,-48,5,Clothing,Leggings,UPI,33.2778° N,75.3412° E
B-25614,13-Apr-18,Vandana,Himachal Pradesh,Simla,98,-12,2,Electronics,Electronic Games,Credit Card,31.1050° N,77.1640° E
B-25726,21-Jul-18,Kiran,Maharashtra,Mumbai,490,-128,8,Furniture,Bookcases,UPI,19.0760° N,72.8777° E
B-26050,6-Mar-18,Paridhi,Rajasthan,Jaipur,32,6,3,Clothing,Shirt,UPI,26.9124° N,75.7873° E
B-25609,9-Apr-18,Jitesh,Uttar Pradesh,Lucknow,485,29,4,Electronics,Electronic Games,COD,26.8467° N,80.9462° E
B-25741,3-Aug-18,Navdeep,Madhya Pradesh,Indore,482,-6,7,Electronics,Electronic Games,EMI,22.7196° N,75.8577° E
B-25956,17-Jan-18,Shreya,Maharashtra,Mumbai,89,-37,4,Clothing,Shirt,COD,19.0760° N,72.8777° E
B-25689,14-Jun-18,Bhaggyasree,Maharashtra,Mumbai,469,-459,3,Electronics,Electronic Games,COD,19.0760° N,72.8777° E
B-25939,5-Jan-18,Vineet,Sikkim,Gangtok,136,41,3,Electronics,Accessories,UPI,27.3314° N,88.6138° E
B-25890,4-Dec-18,Divyansha,Maharashtra,Mumbai,465,207,9,Clothing,Saree,COD,19.0760° N,72.8777° E
B-25814,10-Oct-18,Swapnil,Madhya Pradesh,Indore,118,35,7,Clothing,T-shirt,EMI,22.7196° N,75.8577° E
B-25718,12-Jul-18,Anjali,Maharashtra,Mumbai,371,115,1,Furniture,Bookcases,Debit Card,19.0760° N,72.8777° E
B-25914,18-Dec-18,Kajal,Delhi,Delhi,125,22,3,Clothing,Stole,EMI,28.7041° N,77.1025° E
B-25903,10-Dec-18,Amlan,Madhya Pradesh,Indore,19,8,2,Clothing,Hankerchief,Debit Card,22.7196° N,75.8577° E
B-26096,28-Mar-18,Atharv,West Bengal,Kolkata,451,25,3,Electronics,Phones,EMI,22.5744° N,88.3629° E
B-25654,10-May-18,Sabah,Maharashtra,Mumbai,450,-90,3,Electronics,Printers,COD,19.0760° N,72.8777° E
B-26076,21-Mar-18,Jahan,Madhya Pradesh,Bhopal,219,4,2,Clothing,Saree,COD,23.2599° N,77.4126° E
B-25961,18-Jan-18,Surbhi,Gujarat,Ahmedabad,446,53,3,Electronics,Printers,COD,23.0225° N,72.5714° E
B-25854,8-Nov-18,Shubham,Maharashtra,Pune,381,144,2,Clothing,Saree,COD,18.5204° N,73.8567° E
B-25642,28-Apr-18,Ajay,Karnataka,Bangalore,434,26,11,Clothing,Shirt,Credit Card,12.9716° N,77.5946° E
B-25683,8-Jun-18,Shreya,Kerala ,Thiruvananthapuram,86,-55,6,Clothing,Saree,COD,8.5241° N,76.9366° E
B-26016,14-Feb-18,Hazel,Karnataka,Bangalore,202,4,4,Clothing,Hankerchief,COD,12.9716° N,77.5946° E
B-26034,23-Feb-18,Vini,Karnataka,Bangalore,425,183,5,Electronics,Accessories,UPI,12.9716° N,77.5946° E
B-26056,10-Mar-18,Sonal,Bihar,Patna,424,161,2,Clothing,Saree,COD,25.5941° N,85.1376° E
B-25819,15-Oct-18,Ankur,Madhya Pradesh,Bhopal,417,49,3,Electronics,Electronic Games,COD,23.2599° N,77.4126° E
B-25715,10-Jul-18,Srishti,Jammu and Kashmir,Kashmir,416,137,3,Electronics,Phones,Debit Card,33.2778° N,75.3412° E
B-25933,4-Jan-18,Shikhar,Maharashtra,Mumbai,412,412,6,Clothing,Saree,COD,19.0760° N,72.8777° E
B-26014,13-Feb-18,Divsha,Rajasthan,Jaipur,406,97,7,Furniture,Chairs,Credit Card,26.9124° N,75.7873° E
B-25655,11-May-18,Nida,Madhya Pradesh,Indore,6,-3,1,Clothing,Hankerchief,UPI,22.7196° N,75.8577° E
B-25816,12-Oct-18,Mane,Andhra Pradesh,Hyderabad,391,113,8,Clothing,Stole,COD,17.4065° N,78.4772° E
B-25634,26-Apr-18,Sanjay,Goa,Goa,389,-83,3,Furniture,Chairs,UPI,15.2993° N,74.1240° E
B-25895,4-Dec-18,Sathya,Gujarat,Surat,388,93,2,Furniture,Bookcases,COD,21.1702° N,72.8311° E
B-25687,11-Jun-18,Sanjna,Maharashtra,Mumbai,387,-213,5,Clothing,Saree,UPI,19.0760° N,72.8777° E
B-25662,17-May-18,Sweta,Maharashtra,Mumbai,24,-2,2,Clothing,T-shirt,COD,19.0760° N,72.8777° E
B-25635,26-Apr-18,Nidhi,Nagaland,Kohima,40,16,3,Clothing,Hankerchief,Debit Card,25.6751° N,94.1086° E
B-26060,13-Mar-18,Chirag,Maharashtra,Mumbai,382,68,3,Clothing,Saree,COD,19.0760° N,72.8777° E
B-26045,3-Mar-18,Nidhi,Nagaland,Kohima,376,0,7,Clothing,Stole,Credit Card,25.6751° N,94.1086° E
B-25770,2-Sep-18,Sakshi,Madhya Pradesh,Indore,299,113,2,Furniture,Bookcases,COD,22.7196° N,75.8577° E
B-25744,8-Aug-18,Devendra,Andhra Pradesh,Hyderabad,373,254,6,Electronics,Printers,UPI,17.4065° N,78.4772° E
B-25618,18-Apr-18,Manju,Andhra Pradesh,Hyderabad,12,0,2,Clothing,Hankerchief,UPI,17.4065° N,78.4772° E
B-25958,18-Jan-18,Aparajita,West Bengal,Kolkata,105,25,2,Clothing,Hankerchief,EMI,22.5744° N,88.3629° E
B-25769,2-Sep-18,Surbhi,Maharashtra,Mumbai,355,-4,2,Clothing,Saree,Debit Card,19.0760° N,72.8777° E
B-25619,18-Apr-18,Ramesh,Gujarat,Ahmedabad,353,90,8,Clothing,Saree,COD,23.0225° N,72.5714° E
B-25688,11-Jun-18,Swetha,Madhya Pradesh,Indore,352,-345,5,Clothing,Saree,Credit Card,22.7196° N,75.8577° E
B-25829,25-Oct-18,Apoorva,Haryana,Chandigarh,345,38,7,Clothing,Hankerchief,Debit Card,30.7333° N,76.7794° E
B-26036,23-Feb-18,Bhishm,Maharashtra,Mumbai,341,44,7,Furniture,Furnishings,UPI,19.0760° N,72.8777° E
B-25714,9-Jul-18,Stuti,Karnataka,Bangalore,11,-5,2,Clothing,Hankerchief,COD,12.9716° N,77.5946° E
B-25989,1-Feb-18,Anjali,Delhi,Delhi,42,15,1,Electronics,Accessories,UPI,28.7041° N,77.1025° E
B-25849,4-Nov-18,K,Sikkim,Gangtok,336,123,3,Electronics,Phones,UPI,27.3314° N,88.6138° E
B-25851,6-Nov-18,Kushal,Nagaland,Kohima,135,-54,5,Clothing,Kurti,COD,25.6751° N,94.1086° E
B-25782,15-Sep-18,Aayushi,Maharashtra,Mumbai,335,-22,7,Furniture,Chairs,UPI,19.0760° N,72.8777° E
B-25621,20-Apr-18,Deepak,Madhya Pradesh,Bhopal,333,-15,3,Electronics,Phones,COD,23.2599° N,77.4126° E
B-25996,4-Feb-18,Prashant,Delhi,Delhi,31,2,2,Clothing,Hankerchief,COD,28.7041° N,77.1025° E
B-25678,3-Jun-18,Bathina,Karnataka,Bangalore,27,-25,2,Clothing,Shirt,Debit Card,12.9716° N,77.5946° E
B-25727,22-Jul-18,Turumella,Madhya Pradesh,Indore,327,114,4,Clothing,Trousers,COD,22.7196° N,75.8577° E
B-26018,14-Feb-18,Aarushi,Tamil Nadu,Chennai,61,8,4,Clothing,Hankerchief,Debit Card,13.0843° N,80.2705° E
B-25760,24-Aug-18,Pooja,Goa,Goa,322,-193,5,Electronics,Printers,UPI,15.2993° N,74.1240° E
B-25804,5-Oct-18,Sudheer,Karnataka,Bangalore,156,36,5,Clothing,T-shirt,EMI,12.9716° N,77.5946° E
B-25754,18-Aug-18,Akshay,Bihar,Patna,9,-1,3,Clothing,Skirt,UPI,25.5941° N,85.1376° E
B-26020,16-Feb-18,Yogesh,Bihar,Patna,319,102,6,Electronics,Accessories,Credit Card,25.5941° N,85.1376° E
B-25640,27-Apr-18,Paridhi,Rajasthan,Jaipur,1499,239,13,Clothing,Saree,Credit Card,26.9124° N,75.7873° E
B-25789,22-Sep-18,Akshay,Uttar Pradesh,Lucknow,67,-86,9,Furniture,Furnishings,COD,26.8467° N,80.9462° E
B-26072,20-Mar-18,Sweta,Maharashtra,Mumbai,313,44,3,Electronics,Electronic Games,COD,19.0760° N,72.8777° E
B-26007,9-Feb-18,Shubham,Jammu and Kashmir,Kashmir,311,72,2,Furniture,Bookcases,COD,33.2778° N,75.3412° E
B-26087,26-Mar-18,Vandana,Himachal Pradesh,Simla,180,0,8,Clothing,Stole,COD,31.1050° N,77.1640° E
B-25617,17-Apr-18,Sagar,Nagaland,Kohima,305,-270,5,Electronics,Electronic Games,Debit Card,25.6751° N,94.1086° E
B-25984,30-Jan-18,Kajal,Delhi,Delhi,304,97,6,Clothing,Stole,UPI,28.7041° N,77.1025° E
B-25767,31-Aug-18,Ashmeet,West Bengal,Kolkata,299,-28,3,Electronics,Electronic Games,UPI,22.5744° N,88.3629° E
B-25987,31-Jan-18,Manjiri,Delhi,Delhi,299,0,6,Clothing,Stole,COD,28.7041° N,77.1025° E
B-25840,31-Oct-18,Sneha,Karnataka,Bangalore,298,74,2,Furniture,Bookcases,COD,12.9716° N,77.5946° E
B-25663,19-May-18,Pournamasi,Madhya Pradesh,Indore,294,138,2,Electronics,Printers,Debit Card,22.7196° N,75.8577° E
B-26030,21-Feb-18,Sarita,Maharashtra,Pune,291,93,2,Electronics,Printers,COD,18.5204° N,73.8567° E
B-25947,13-Jan-18,Chetan,Gujarat,Ahmedabad,290,35,6,Clothing,Hankerchief,COD,23.0225° N,72.5714° E
B-25896,5-Dec-18,Aman,Maharashtra,Mumbai,31,-11,3,Clothing,Skirt,UPI,19.0760° N,72.8777° E
B-26009,10-Feb-18,Komal,Uttar Pradesh,Lucknow,285,128,2,Electronics,Printers,COD,26.8467° N,80.9462° E
B-25876,24-Nov-18,Bhosale,Punjab,Amritsar,282,14,4,Clothing,Trousers,Debit Card,31.6340° N,74.8723° E
B-25915,19-Dec-18,Sukruta,Punjab,Amritsar,277,3,1,Electronics,Electronic Games,COD,31.6340° N,74.8723° E
B-25795,24-Sep-18,Sukant,Sikkim,Gangtok,276,-21,2,Electronics,Phones,EMI,27.3314° N,88.6138° E
B-26002,8-Feb-18,Harsh,Delhi,Delhi,276,52,5,Clothing,Saree,EMI,28.7041° N,77.1025° E
B-25645,1-May-18,Yaanvi,Madhya Pradesh,Indore,273,-87,4,Electronics,Phones,COD,22.7196° N,75.8577° E
B-25837,29-Oct-18,Palak,Maharashtra,Mumbai,263,50,5,Clothing,Stole,COD,19.0760° N,72.8777° E
B-25612,12-Apr-18,Shrichand,Punjab,Chandigarh,259,-55,2,Furniture,Chairs,COD,30.7333° N,76.7794° E
B-25812,10-Oct-18,Kshitij,Madhya Pradesh,Indore,259,47,5,Clothing,Hankerchief,UPI,22.7196° N,75.8577° E
B-25843,3-Nov-18,Mrunal,Maharashtra,Mumbai,18,6,3,Clothing,Hankerchief,UPI,19.0760° N,72.8777° E
B-26026,19-Feb-18,Kanak,Goa,Goa,255,76,9,Clothing,Hankerchief,COD,15.2993° N,74.1240° E
B-25773,6-Sep-18,Shreya,Kerala ,Thiruvananthapuram,224,-143,3,Furniture,Chairs,COD,8.5241° N,76.9366° E
B-25875,24-Nov-18,Divyeshkumar,Uttar Pradesh,Prayagraj,248,8,2,Clothing,Saree,Credit Card,25.4358° N,81.8463° E
B-25660,16-May-18,Shruti,Karnataka,Bangalore,245,-78,3,Clothing,Saree,COD,12.9716° N,77.5946° E
B-25918,22-Dec-18,Karandeep,Madhya Pradesh,Indore,244,-122,5,Furniture,Furnishings,COD,22.7196° N,75.8577° E
B-25971,22-Jan-18,Mitali,Madhya Pradesh,Indore,244,83,2,Furniture,Bookcases,COD,22.7196° N,75.8577° E
B-26063,15-Mar-18,Farah,Nagaland,Kohima,241,-77,4,Electronics,Electronic Games,COD,25.6751° N,94.1086° E
B-25867,17-Nov-18,Ankit,Sikkim,Gangtok,240,12,6,Clothing,Kurti,UPI,27.3314° N,88.6138° E
B-25703,28-Jun-18,Ekta,Madhya Pradesh,Indore,231,-190,9,Clothing,Hankerchief,COD,22.7196° N,75.8577° E
B-25661,17-May-18,Subhashree,Jammu and Kashmir,Kashmir,55,-33,2,Furniture,Chairs,Debit Card,33.2778° N,75.3412° E
B-25748,12-Aug-18,Nitant,Rajasthan,Jaipur,47,-21,2,Electronics,Electronic Games,COD,26.9124° N,75.7873° E
B-25766,30-Aug-18,Surabhi,Rajasthan,Jaipur,220,-19,2,Clothing,Saree,Debit Card,26.9124° N,75.7873° E
B-25861,15-Nov-18,Aayush,Uttar Pradesh,Lucknow,44,14,3,Clothing,Hankerchief,Debit Card,26.8467° N,80.9462° E
B-26058,11-Mar-18,Aditya,Punjab,Chandigarh,212,97,7,Clothing,Hankerchief,COD,30.7333° N,76.7794° E
B-25808,8-Oct-18,Apsingekar,Bihar,Patna,63,-17,6,Clothing,Leggings,COD,25.5941° N,85.1376° E
B-25900,9-Dec-18,Anand,Punjab,Amritsar,15,2,1,Clothing,Leggings,Debit Card,31.6340° N,74.8723° E
B-26084,25-Mar-18,Anita,Kerala ,Thiruvananthapuram,209,-63,4,Electronics,Electronic Games,COD,8.5241° N,76.9366° E
B-25652,8-May-18,Tushina,Goa,Goa,206,-206,3,Clothing,Saree,COD,15.2993° N,74.1240° E
B-26008,9-Feb-18,Kalyani,Tamil Nadu,Chennai,206,51,4,Clothing,Hankerchief,Credit Card,13.0843° N,80.2705° E
B-25799,1-Oct-18,Divyansh,Gujarat,Ahmedabad,45,-15,2,Furniture,Chairs,COD,23.0225° N,72.5714° E
B-25927,31-Dec-18,Shreya,Uttar Pradesh,Lucknow,200,7,4,Electronics,Electronic Games,Credit Card,26.8467° N,80.9462° E
B-25985,31-Jan-18,Ginny,Madhya Pradesh,Indore,32,8,5,Clothing,Hankerchief,UPI,22.7196° N,75.8577° E
B-25994,3-Feb-18,Omkar,Delhi,Delhi,196,-7,5,Electronics,Phones,COD,28.7041° N,77.1025° E
B-25620,20-Apr-18,Sarita,Maharashtra,Pune,193,46,1,Electronics,Printers,Credit Card,18.5204° N,73.8567° E
B-25712,7-Jul-18,Adhvaita,Rajasthan,Jaipur,193,-275,3,Electronics,Phones,Credit Card,26.9124° N,75.7873° E
B-25976,25-Jan-18,Piyam,Punjab,Amritsar,193,8,4,Clothing,T-shirt,UPI,31.6340° N,74.8723° E
B-26068,16-Mar-18,Shefali,Rajasthan,Jaipur,193,33,5,Electronics,Accessories,COD,26.9124° N,75.7873° E
B-25721,16-Jul-18,Anchal,Haryana,Chandigarh,149,-40,2,Electronics,Phones,COD,30.7333° N,76.7794° E
B-25863,15-Nov-18,Manibalan,Kerala ,Thiruvananthapuram,189,87,7,Clothing,Stole,COD,8.5241° N,76.9366° E
B-25991,3-Feb-18,Mansi,Madhya Pradesh,Indore,13,5,2,Clothing,Hankerchief,UPI,22.7196° N,75.8577° E
B-25737,1-Aug-18,Shubham,Madhya Pradesh,Indore,187,-15,3,Clothing,Trousers,COD,22.7196° N,75.8577° E
B-26043,1-Mar-18,Amit,Sikkim,Gangtok,79,5,6,Clothing,Hankerchief,Debit Card,27.3314° N,88.6138° E
B-25977,27-Jan-18,Aayushi,Gujarat,Surat,27,1,1,Clothing,Stole,UPI,21.1702° N,72.8311° E
B-25908,12-Dec-18,Pradeep,Delhi,Delhi,179,-25,5,Clothing,Kurti,COD,28.7041° N,77.1025° E
B-25941,7-Jan-18,Jaideep,Nagaland,Kohima,177,41,4,Clothing,Shirt,Debit Card,25.6751° N,94.1086° E
B-25794,24-Sep-18,Aditya,Himachal Pradesh,Simla,176,37,6,Electronics,Accessories,COD,31.1050° N,77.1640° E
B-26041,27-Feb-18,Ritu,Haryana,Chandigarh,176,-28,5,Furniture,Furnishings,COD,30.7333° N,76.7794° E
B-25695,18-Jun-18,Suhani,West Bengal,Kolkata,171,14,9,Clothing,Shirt,Debit Card,22.5744° N,88.3629° E
B-25960,18-Jan-18,Shreya,Andhra Pradesh,Hyderabad,171,-140,2,Furniture,Bookcases,EMI,17.4065° N,78.4772° E
B-26037,23-Feb-18,Hitika,Madhya Pradesh,Indore,171,68,7,Clothing,Stole,EMI,22.7196° N,75.8577° E
B-25921,25-Dec-18,Sandra,Punjab,Amritsar,84,-42,2,Electronics,Accessories,COD,31.6340° N,74.8723° E
B-25944,10-Jan-18,Syed,Maharashtra,Pune,169,38,3,Clothing,Saree,Debit Card,18.5204° N,73.8567° E
B-25724,19-Jul-18,Sheetal,Madhya Pradesh,Indore,168,-51,2,Furniture,Bookcases,COD,22.7196° N,75.8577° E
B-26024,19-Feb-18,Vandana,Himachal Pradesh,Simla,168,18,6,Clothing,Stole,Debit Card,31.1050° N,77.1640° E
B-25694,18-Jun-18,Subhasmita,Rajasthan,Jaipur,167,43,7,Clothing,T-shirt,EMI,26.9124° N,75.7873° E
B-25665,21-May-18,Chayanika,Kerala ,Thiruvananthapuram,166,-113,4,Electronics,Accessories,EMI,8.5241° N,76.9366° E
B-26004,8-Feb-18,Nandita,Rajasthan,Jaipur,162,73,2,Electronics,Electronic Games,COD,26.9124° N,75.7873° E
B-25611,11-Apr-18,Anita,Kerala ,Thiruvananthapuram,160,-59,2,Clothing,Saree,EMI,8.5241° N,76.9366° E
B-25901,10-Dec-18,Suraj,Gujarat,Surat,159,2,3,Furniture,Furnishings,EMI,21.1702° N,72.8311° E
B-25623,22-Apr-18,Atharv,West Bengal,Kolkata,149,-87,4,Clothing,Saree,COD,22.5744° N,88.3629° E
B-25713,8-Jul-18,Raksha,West Bengal,Kolkata,158,-63,4,Furniture,Chairs,UPI,22.5744° N,88.3629° E
B-26091,27-Mar-18,Manju,Andhra Pradesh,Hyderabad,29,10,4,Clothing,Hankerchief,UPI,17.4065° N,78.4772° E
B-25604,3-Apr-18,Divsha,Rajasthan,Jaipur,65,17,2,Clothing,T-shirt,UPI,26.9124° N,75.7873° E
B-25827,23-Oct-18,Sheetal,Madhya Pradesh,Indore,156,21,3,Furniture,Chairs,COD,22.7196° N,75.8577° E
B-25835,29-Oct-18,Moumita,Gujarat,Ahmedabad,52,11,5,Clothing,Leggings,COD,23.0225° N,72.5714° E
B-26025,19-Feb-18,Bhavna,Sikkim,Gangtok,41,19,5,Clothing,Hankerchief,Debit Card,27.3314° N,88.6138° E
B-25809,9-Oct-18,Suman,Kerala ,Thiruvananthapuram,53,24,1,Clothing,Hankerchief,Debit Card,8.5241° N,76.9366° E
B-25905,11-Dec-18,Bhargav,Delhi,Delhi,152,50,6,Clothing,Stole,UPI,28.7041° N,77.1025° E
B-25948,13-Jan-18,Mukund,Maharashtra,Pune,152,23,3,Furniture,Furnishings,COD,18.5204° N,73.8567° E
B-26094,27-Mar-18,Deepak,Madhya Pradesh,Bhopal,152,50,6,Clothing,Stole,COD,23.2599° N,77.4126° E
B-25949,13-Jan-18,Shantanu,Maharashtra,Mumbai,151,9,3,Clothing,Hankerchief,EMI,19.0760° N,72.8777° E
B-26001,7-Feb-18,Patil,Delhi,Delhi,8,2,2,Clothing,Skirt,UPI,28.7041° N,77.1025° E
B-25771,2-Sep-18,Vaibhavi,Uttar Pradesh,Lucknow,148,59,3,Clothing,Hankerchief,COD,26.8467° N,80.9462° E
B-25659,15-May-18,Sanskriti,West Bengal,Kolkata,148,72,7,Clothing,T-shirt,Debit Card,22.5744° N,88.3629° E
B-25924,28-Dec-18,Prajakta,Karnataka,Bangalore,148,54,2,Furniture,Chairs,UPI,12.9716° N,77.5946° E
B-25883,27-Nov-18,Saptadeep,Gujarat,Surat,16,-15,4,Clothing,Hankerchief,UPI,21.1702° N,72.8311° E
B-25946,12-Jan-18,Saurabh,Andhra Pradesh,Hyderabad,146,7,2,Electronics,Phones,Debit Card,17.4065° N,78.4772° E
B-26065,16-Mar-18,Nida,Madhya Pradesh,Indore,146,19,5,Clothing,Stole,COD,22.7196° N,75.8577° E
B-26083,24-Mar-18,Yogesh,Bihar,Patna,43,8,3,Clothing,Leggings,COD,25.5941° N,85.1376° E
B-25725,20-Jul-18,Anisha,Nagaland,Kohima,144,-7,4,Electronics,Electronic Games,COD,25.6751° N,94.1086° E
B-25630,24-Apr-18,Sahil,Punjab,Chandigarh,34,-22,4,Clothing,T-shirt,COD,30.7333° N,76.7794° E
B-25673,28-May-18,Arsheen,Gujarat,Ahmedabad,143,-124,5,Clothing,Saree,UPI,23.0225° N,72.5714° E
B-25692,17-Jun-18,Rashmi,Madhya Pradesh,Indore,141,28,7,Furniture,Furnishings,UPI,22.7196° N,75.8577° E
B-25992,3-Feb-18,Gaurav,Rajasthan,Udaipur,141,41,3,Clothing,Shirt,UPI,24.5854° N,73.7125° E
B-25765,29-Aug-18,Meghana,Madhya Pradesh,Bhopal,139,14,3,Clothing,Stole,COD,23.2599° N,77.4126° E
B-25892,4-Dec-18,Aditi,Rajasthan,Udaipur,139,30,3,Clothing,Shirt,UPI,24.5854° N,73.7125° E
B-26089,26-Mar-18,Kanak,Goa,Goa,27,4,1,Clothing,Hankerchief,COD,15.2993° N,74.1240° E
B-25780,13-Sep-18,Teena,Andhra Pradesh,Hyderabad,137,-41,3,Electronics,Phones,Debit Card,17.4065° N,78.4772° E
B-25684,9-Jun-18,Samiksha,Maharashtra,Mumbai,134,42,2,Furniture,Chairs,COD,19.0760° N,72.8777° E
B-25739,3-Aug-18,Daksh,Haryana,Chandigarh,133,-56,2,Furniture,Chairs,COD,30.7333° N,76.7794° E
B-25731,26-Jul-18,Akash,West Bengal,Kolkata,131,-154,8,Furniture,Furnishings,COD,22.5744° N,88.3629° E
B-25648,4-May-18,Aditya,Punjab,Chandigarh,30,13,1,Clothing,T-shirt,UPI,30.7333° N,76.7794° E
B-26038,24-Feb-18,Pooja,Bihar,Patna,41,19,2,Clothing,T-shirt,Debit Card,25.5941° N,85.1376° E
B-25700,25-Jun-18,Shubhi,Maharashtra,Mumbai,44,-32,3,Clothing,Stole,Debit Card,19.0760° N,72.8777° E
B-26015,14-Feb-18,Kasheen,West Bengal,Kolkata,128,55,1,Clothing,Saree,COD,22.5744° N,88.3629° E
B-25704,29-Jun-18,Riya,Maharashtra,Mumbai,126,-63,3,Electronics,Accessories,UPI,19.0760° N,72.8777° E
B-25811,10-Oct-18,Utsav,Maharashtra,Mumbai,126,52,4,Clothing,Hankerchief,UPI,19.0760° N,72.8777° E
B-25821,16-Oct-18,Ajay,West Bengal,Kolkata,17,0,1,Clothing,Hankerchief,COD,22.5744° N,88.3629° E
B-25874,24-Nov-18,Megha,Rajasthan,Udaipur,124,54,5,Clothing,T-shirt,COD,24.5854° N,73.7125° E
B-25668,24-May-18,Rhea,Himachal Pradesh,Simla,123,17,3,Furniture,Furnishings,COD,31.1050° N,77.1640° E
B-25800,1-Oct-18,Ishit,Maharashtra,Pune,45,12,7,Clothing,Hankerchief,UPI,18.5204° N,73.8567° E
B-25928,1-Jan-18,Smriti,Bihar,Patna,122,15,3,Electronics,Accessories,EMI,25.5941° N,85.1376° E
B-26021,17-Feb-18,Anita,Kerala ,Thiruvananthapuram,21,-12,3,Clothing,Hankerchief,Debit Card,8.5241° N,76.9366° E
B-26064,16-Mar-18,Ankita,Maharashtra,Mumbai,61,3,4,Clothing,Hankerchief,COD,19.0760° N,72.8777° E
B-25882,26-Nov-18,Masurkar,Punjab,Amritsar,121,19,4,Clothing,Stole,COD,31.6340° N,74.8723° E
B-25891,4-Dec-18,Shivani,Madhya Pradesh,Indore,121,41,4,Clothing,Stole,UPI,22.7196° N,75.8577° E
B-25820,16-Oct-18,Dheeraj,Rajasthan,Jaipur,119,1,1,Furniture,Chairs,COD,26.9124° N,75.7873° E
B-25889,3-Dec-18,Abhishek,Gujarat,Surat,114,11,4,Clothing,T-shirt,Debit Card,21.1702° N,72.8311° E
B-25871,21-Nov-18,Gunjal,Gujarat,Surat,118,25,4,Clothing,Hankerchief,Credit Card,21.1702° N,72.8311° E
B-25637,26-Apr-18,Ashmi,Madhya Pradesh,Indore,117,14,3,Clothing,Shirt,UPI,22.7196° N,75.8577° E
B-25616,15-Apr-18,Kanak,Goa,Goa,14,-2,3,Clothing,Hankerchief,UPI,15.2993° N,74.1240° E
B-25972,23-Jan-18,Jesslyn,Rajasthan,Udaipur,115,47,2,Electronics,Accessories,COD,24.5854° N,73.7125° E
B-25805,5-Oct-18,Ankit,Maharashtra,Mumbai,112,15,2,Furniture,Chairs,COD,19.0760° N,72.8777° E
B-25860,15-Nov-18,Akshay,Tamil Nadu,Chennai,112,24,3,Clothing,Kurti,COD,13.0843° N,80.2705° E
B-26080,22-Mar-18,Sonakshi,Jammu and Kashmir,Kashmir,109,35,6,Clothing,T-shirt,COD,33.2778° N,75.3412° E
B-25807,7-Oct-18,Vipul,Uttar Pradesh,Lucknow,16,6,1,Clothing,Stole,COD,26.8467° N,80.9462° E
B-25734,29-Jul-18,Pranav,Madhya Pradesh,Indore,108,-19,3,Electronics,Electronic Games,UPI,22.7196° N,75.8577° E
B-25880,24-Nov-18,Apoorv,Rajasthan,Udaipur,108,37,2,Clothing,Stole,Credit Card,24.5854° N,73.7125° E
B-25934,4-Jan-18,Rahul,Madhya Pradesh,Indore,105,33,6,Clothing,Saree,EMI,22.7196° N,75.8577° E
B-25913,17-Dec-18,Geetanjali,Delhi,Delhi,103,21,7,Clothing,Stole,UPI,28.7041° N,77.1025° E
B-25912,16-Dec-18,Preksha,Delhi,Delhi,102,11,6,Clothing,T-shirt,COD,28.7041° N,77.1025° E
B-25824,20-Oct-18,Shyam,Madhya Pradesh,Indore,101,38,2,Furniture,Furnishings,COD,22.7196° N,75.8577° E
B-25711,6-Jul-18,Sakshi,Madhya Pradesh,Bhopal,100,-58,4,Clothing,Hankerchief,COD,23.2599° N,77.4126° E
B-25864,15-Nov-18,Aromal,Maharashtra,Mumbai,100,6,4,Clothing,Stole,COD,19.0760° N,72.8777° E
B-25917,21-Dec-18,Sanjay,Maharashtra,Mumbai,100,12,2,Clothing,T-shirt,UPI,19.0760° N,72.8777° E
B-26049,5-Mar-18,Lisha,Madhya Pradesh,Bhopal,100,28,2,Clothing,Hankerchief,UPI,23.2599° N,77.4126° E
B-25920,24-Dec-18,Jayanti,Uttar Pradesh,Prayagraj,100,7,2,Clothing,T-shirt,UPI,25.4358° N,81.8463° E
B-25699,24-Jun-18,Kritika,Uttar Pradesh,Lucknow,49,-31,2,Clothing,Stole,UPI,26.8467° N,80.9462° E
B-25735,30-Jul-18,Arindam,Uttar Pradesh,Lucknow,7,-1,2,Clothing,Skirt,UPI,26.8467° N,80.9462° E
B-25701,26-Jun-18,Maithilee,Madhya Pradesh,Indore,98,-45,2,Furniture,Chairs,UPI,22.7196° N,75.8577° E
B-26092,27-Mar-18,Ramesh,Gujarat,Ahmedabad,97,14,2,Clothing,T-shirt,Credit Card,23.0225° N,72.5714° E
B-26082,23-Mar-18,Jitesh,Uttar Pradesh,Lucknow,95,5,2,Clothing,Stole,UPI,26.8467° N,80.9462° E
B-25818,14-Oct-18,Sandeep,Madhya Pradesh,Indore,32,11,2,Clothing,Leggings,UPI,22.7196° N,75.8577° E
B-25846,3-Nov-18,Soodesh,Punjab,Chandigarh,94,7,7,Clothing,Leggings,UPI,30.7333° N,76.7794° E
B-26011,12-Feb-18,Bharat,Gujarat,Ahmedabad,93,44,2,Clothing,Stole,Credit Card,23.0225° N,72.5714° E
B-25631,24-Apr-18,Ritu,Haryana,Chandigarh,89,-89,2,Furniture,Furnishings,COD,30.7333° N,76.7794° E
B-25606,6-Apr-18,Hazel,Karnataka,Bangalore,87,4,2,Clothing,Shirt,COD,12.9716° N,77.5946° E
B-25746,10-Aug-18,Shivam,Maharashtra,Pune,87,16,2,Clothing,Saree,UPI,18.5204° N,73.8567° E
B-26005,8-Feb-18,Parnavi,West Bengal,Kolkata,87,10,3,Clothing,Stole,COD,22.5744° N,88.3629° E
B-25844,3-Nov-18,Swati,Madhya Pradesh,Indore,86,8,2,Clothing,Saree,Debit Card,22.7196° N,75.8577° E
B-25869,19-Nov-18,Parakh,Nagaland,Kohima,86,9,3,Clothing,Saree,COD,25.6751° N,94.1086° E
B-26066,16-Mar-18,Priyanka,Maharashtra,Pune,86,22,2,Clothing,Saree,Debit Card,18.5204° N,73.8567° E
B-25865,15-Nov-18,Arun,Madhya Pradesh,Indore,85,-1,3,Clothing,Saree,Credit Card,22.7196° N,75.8577° E
B-26039,25-Feb-18,Hemant,Kerala ,Thiruvananthapuram,83,34,5,Clothing,Shirt,Debit Card,8.5241° N,76.9366° E
B-25916,20-Dec-18,Utkarsh,Gujarat,Surat,80,-26,9,Clothing,Skirt,EMI,21.1702° N,72.8311° E
B-26090,27-Mar-18,Sagar,Nagaland,Kohima,80,22,3,Clothing,Stole,EMI,25.6751° N,94.1086° E
B-25988,31-Jan-18,Nirja,Delhi,Delhi,79,-124,9,Clothing,Skirt,COD,28.7041° N,77.1025° E
B-25906,11-Dec-18,Abhijit,Delhi,Delhi,78,27,3,Clothing,Stole,COD,28.7041° N,77.1025° E
B-26017,14-Feb-18,Sonakshi,Jammu and Kashmir,Kashmir,78,7,1,Furniture,Chairs,COD,33.2778° N,75.3412° E
B-25644,30-Apr-18,Mayank,Maharashtra,Mumbai,76,-92,8,Furniture,Furnishings,COD,19.0760° N,72.8777° E
B-25679,4-Jun-18,Avni,Maharashtra,Mumbai,76,-50,1,Clothing,Saree,COD,19.0760° N,72.8777° E
B-25723,18-Jul-18,Wale,Maharashtra,Mumbai,12,-7,2,Clothing,Leggings,UPI,19.0760° N,72.8777° E
B-25605,5-Apr-18,Kasheen,West Bengal,Kolkata,75,0,7,Clothing,Saree,EMI,22.5744° N,88.3629° E
B-25792,24-Sep-18,Abhishek,Maharashtra,Mumbai,74,-25,3,Clothing,Stole,COD,19.0760° N,72.8777° E
B-25680,4-Jun-18,Aayushi,Madhya Pradesh,Indore,73,-25,3,Clothing,Saree,COD,22.7196° N,75.8577° E
B-25931,4-Jan-18,Sidharth,Maharashtra,Mumbai,73,-36,3,Furniture,Chairs,UPI,19.0760° N,72.8777° E
B-25932,4-Jan-18,Bhutekar,Madhya Pradesh,Indore,71,-14,4,Furniture,Furnishings,COD,22.7196° N,75.8577° E
B-25990,2-Feb-18,Mugdha,Delhi,Delhi,71,32,3,Clothing,Saree,Debit Card,28.7041° N,77.1025° E
B-25615,15-Apr-18,Bhavna,Sikkim,Gangtok,68,20,5,Clothing,Hankerchief,Debit Card,27.3314° N,88.6138° E
B-26031,22-Feb-18,Deepak,Madhya Pradesh,Bhopal,67,9,4,Clothing,Leggings,Debit Card,23.2599° N,77.4126° E
B-25801,1-Oct-18,Aryan,Madhya Pradesh,Bhopal,15,-2,1,Clothing,T-shirt,Debit Card,23.2599° N,77.4126° E
B-25833,29-Oct-18,Krishna,Madhya Pradesh,Indore,64,27,5,Clothing,Hankerchief,UPI,22.7196° N,75.8577° E
B-26077,22-Mar-18,Divsha,Rajasthan,Jaipur,62,11,7,Clothing,Hankerchief,UPI,26.9124° N,75.7873° E
B-25936,5-Jan-18,Nikhil,Punjab,Chandigarh,61,25,4,Clothing,Saree,UPI,30.7333° N,76.7794° E
B-25938,5-Jan-18,Shikhar,Himachal Pradesh,Simla,61,1,2,Furniture,Furnishings,COD,31.1050° N,77.1640° E
B-25716,11-Jul-18,Surabhi,Tamil Nadu,Chennai,58,0,4,Clothing,Saree,UPI,13.0843° N,80.2705° E
B-25740,3-Aug-18,Rane,Maharashtra,Mumbai,58,-8,2,Clothing,Saree,COD,19.0760° N,72.8777° E
B-25763,27-Aug-18,Noshiba,Gujarat,Ahmedabad,58,-52,3,Furniture,Chairs,COD,23.0225° N,72.5714° E
B-25872,22-Nov-18,Saurabh,Maharashtra,Mumbai,57,27,2,Clothing,Shirt,COD,19.0760° N,72.8777° E
B-25879,24-Nov-18,Siddharth,Madhya Pradesh,Indore,57,-28,2,Clothing,Kurti,COD,22.7196° N,75.8577° E
B-25926,30-Dec-18,Dipali,Madhya Pradesh,Indore,57,6,5,Clothing,Leggings,Debit Card,22.7196° N,75.8577° E
B-26074,21-Mar-18,Bharat,Gujarat,Ahmedabad,57,21,4,Clothing,Leggings,COD,23.0225° N,72.5714° E
B-25627,23-Apr-18,Hitika,Madhya Pradesh,Indore,55,-39,4,Clothing,Stole,COD,22.7196° N,75.8577° E
B-25940,6-Jan-18,Vivek,Goa,Goa,13,3,2,Clothing,Hankerchief,COD,15.2993° N,74.1240° E
B-26047,4-Mar-18,Ashmi,Madhya Pradesh,Indore,55,12,5,Clothing,Skirt,COD,22.7196° N,75.8577° E
B-26069,17-Mar-18,Sanskriti,West Bengal,Kolkata,55,18,2,Clothing,Kurti,COD,22.5744° N,88.3629° E
B-26027,20-Feb-18,Sagar,Nagaland,Kohima,54,8,4,Clothing,T-shirt,COD,25.6751° N,94.1086° E
B-25963,19-Jan-18,Pratiksha,Maharashtra,Mumbai,53,8,3,Furniture,Furnishings,UPI,19.0760° N,72.8777° E
B-25922,26-Dec-18,Akshata,Gujarat,Surat,52,18,2,Clothing,Stole,COD,21.1702° N,72.8311° E
B-25866,16-Nov-18,Komal,Himachal Pradesh,Simla,51,14,2,Clothing,Stole,COD,31.1050° N,77.1640° E
B-25607,6-Apr-18,Sonakshi,Jammu and Kashmir,Kashmir,50,-15,4,Clothing,Leggings,COD,33.2778° N,75.3412° E
B-25775,8-Sep-18,Duhita,Haryana,Chandigarh,50,-17,2,Clothing,Stole,COD,30.7333° N,76.7794° E
B-25998,4-Feb-18,Anmol,Rajasthan,Udaipur,50,-28,5,Furniture,Furnishings,COD,24.5854° N,73.7125° E
B-26062,15-Mar-18,Tushina,Goa,Goa,44,-40,3,Clothing,Stole,COD,15.2993° N,74.1240° E
B-25722,17-Jul-18,Inderpreet,Himachal Pradesh,Simla,48,-8,8,Clothing,Stole,COD,31.1050° N,77.1640° E
B-25776,9-Sep-18,Mousam,Maharashtra,Mumbai,47,-20,2,Clothing,Kurti,Debit Card,19.0760° N,72.8777° E
B-26032,22-Feb-18,Monisha,Rajasthan,Jaipur,47,15,5,Clothing,Saree,Debit Card,26.9124° N,75.7873° E
B-25705,30-Jun-18,Shweta,Madhya Pradesh,Indore,46,0,2,Electronics,Electronic Games,COD,22.7196° N,75.8577° E
B-25628,24-Apr-18,Pooja,Bihar,Patna,35,-8,2,Furniture,Furnishings,Debit Card,25.5941° N,85.1376° E
B-25733,28-Jul-18,Dhirajendu,Maharashtra,Mumbai,43,-43,7,Clothing,Stole,Debit Card,19.0760° N,72.8777° E
B-25647,3-May-18,Sharda,Kerala ,Thiruvananthapuram,42,-6,4,Clothing,Saree,UPI,8.5241° N,76.9366° E
B-25790,23-Sep-18,Sajal,Bihar,Patna,42,-3,1,Electronics,Electronic Games,COD,25.5941° N,85.1376° E
B-25709,1-Jul-18,Aakanksha,Madhya Pradesh,Indore,33,-12,7,Clothing,Saree,UPI,22.7196° N,75.8577° E
B-25911,15-Dec-18,Phalguni,Madhya Pradesh,Bhopal,40,15,1,Clothing,Kurti,COD,23.2599° N,77.4126° E
B-25774,7-Sep-18,Snehal,Punjab,Chandigarh,38,-6,2,Furniture,Furnishings,UPI,30.7333° N,76.7794° E
B-26042,28-Feb-18,Manish,Himachal Pradesh,Simla,36,15,3,Clothing,Stole,UPI,31.1050° N,77.1640° E
B-25815,10-Oct-18,Harsh,Nagaland,Kohima,35,14,2,Clothing,Stole,Credit Card,25.6751° N,94.1086° E
B-25822,18-Oct-18,Tejas,Karnataka,Bangalore,34,13,2,Clothing,Saree,COD,12.9716° N,77.5946° E
B-26075,21-Mar-18,Pearl,Maharashtra,Pune,34,12,2,Clothing,Stole,COD,18.5204° N,73.8567° E
B-25783,15-Sep-18,Shivangi,Madhya Pradesh,Indore,33,-10,6,Clothing,Leggings,UPI,22.7196° N,75.8577° E
B-26046,4-Mar-18,Nishi,Maharashtra,Mumbai,32,3,8,Clothing,Hankerchief,COD,19.0760° N,72.8777° E
B-25690,15-Jun-18,Gunjan,Madhya Pradesh,Indore,31,-10,3,Clothing,Skirt,COD,22.7196° N,75.8577° E
B-25706,1-Jul-18,Swetlana,Goa,Goa,31,-11,4,Clothing,Stole,COD,15.2993° N,74.1240° E
B-25736,31-Jul-18,Akshat,Maharashtra,Mumbai,31,-7,5,Clothing,Skirt,UPI,19.0760° N,72.8777° E
B-25720,15-Jul-18,Namrata,Punjab,Chandigarh,30,-35,1,Furniture,Chairs,COD,30.7333° N,76.7794° E
B-25907,11-Dec-18,Jaydeep,Madhya Pradesh,Bhopal,30,11,5,Clothing,Hankerchief,COD,23.2599° N,77.4126° E
B-25719,12-Jul-18,Rashmi,Madhya Pradesh,Indore,29,10,2,Clothing,Stole,COD,22.7196° N,75.8577° E
B-26013,13-Feb-18,Jahan,Madhya Pradesh,Bhopal,29,-10,3,Clothing,Skirt,COD,23.2599° N,77.4126° E
B-26044,2-Mar-18,Sanjay,Goa,Goa,28,-10,3,Clothing,Skirt,COD,15.2993° N,74.1240° E
B-25649,5-May-18,Rachna,Haryana,Chandigarh,27,-25,2,Clothing,Stole,COD,30.7333° N,76.7794° E
B-25658,14-May-18,Shefali,Rajasthan,Jaipur,27,9,2,Clothing,T-shirt,UPI,26.9124° N,75.7873° E
B-25672,28-May-18,Akanksha,Andhra Pradesh,Hyderabad,27,-15,1,Clothing,Stole,UPI,17.4065° N,78.4772° E
B-25624,22-Apr-18,Vini,Karnataka,Bangalore,26,12,3,Clothing,Hankerchief,COD,12.9716° N,77.5946° E
B-25884,28-Nov-18,Sumeet,Maharashtra,Mumbai,24,2,4,Clothing,Hankerchief,COD,19.0760° N,72.8777° E
B-25641,27-Apr-18,Parishi,West Bengal,Kolkata,22,-6,1,Furniture,Furnishings,COD,22.5744° N,88.3629° E
B-25841,1-Nov-18,Ashvini,Maharashtra,Mumbai,22,11,2,Clothing,Skirt,Credit Card,19.0760° N,72.8777° E
B-25980,27-Jan-18,Shweta,Rajasthan,Udaipur,22,11,3,Clothing,Kurti,COD,24.5854° N,73.7125° E
B-26012,13-Feb-18,Pearl,Maharashtra,Pune,199,8,2,Clothing,Saree,COD,18.5204° N,73.8567° E
B-26029,20-Feb-18,Ramesh,Gujarat,Ahmedabad,21,10,1,Clothing,T-shirt,Debit Card,23.0225° N,72.5714° E
B-26071,19-Mar-18,Subhashree,Jammu and Kashmir,Kashmir,21,4,3,Clothing,Hankerchief,Credit Card,33.2778° N,75.3412° E
B-25646,1-May-18,Sonal,Bihar,Patna,299,-8,2,Clothing,Saree,COD,25.5941° N,85.1376° E
B-25677,2-Jun-18,Ekta,West Bengal,Kolkata,20,-2,1,Electronics,Accessories,UPI,22.5744° N,88.3629° E
B-25759,23-Aug-18,Soumya,Sikkim,Gangtok,20,-9,6,Clothing,Hankerchief,Debit Card,27.3314° N,88.6138° E
B-26059,12-Mar-18,Rachna,Haryana,Chandigarh,20,6,1,Clothing,T-shirt,COD,30.7333° N,76.7794° E
B-25632,25-Apr-18,Manish,Himachal Pradesh,Simla,19,-2,2,Clothing,Leggings,Debit Card,31.1050° N,77.1640° E
B-26079,22-Mar-18,Hazel,Karnataka,Bangalore,18,3,2,Clothing,Hankerchief,Debit Card,12.9716° N,77.5946° E
B-25674,28-May-18,Mahima,Maharashtra,Pune,17,-12,5,Clothing,Skirt,Debit Card,18.5204° N,73.8567° E
B-25965,21-Jan-18,Saloni,West Bengal,Kolkata,17,7,3,Clothing,Hankerchief,Debit Card,22.5744° N,88.3629° E
B-25732,27-Jul-18,Anubhaw,Karnataka,Bangalore,16,-5,2,Clothing,Stole,UPI,12.9716° N,77.5946° E
B-25834,29-Oct-18,Ananya,Andhra Pradesh,Hyderabad,16,5,1,Clothing,Stole,UPI,17.4065° N,78.4772° E
B-25784,15-Sep-18,Rohit,Rajasthan,Jaipur,15,4,1,Clothing,Hankerchief,Debit Card,26.9124° N,75.7873° E
B-25982,29-Jan-18,Hemangi,Delhi,Delhi,13,3,1,Clothing,Leggings,COD,28.7041° N,77.1025° E
B-25788,21-Sep-18,Dinesh,Tamil Nadu,Chennai,12,3,1,Clothing,Stole,UPI,13.0843° N,80.2705° E
B-25742,3-Aug-18,Ashwin,Goa,Goa,11,-8,2,Clothing,Skirt,UPI,15.2993° N,74.1240° E
B-26088,26-Mar-18,Bhavna,Sikkim,Gangtok,11,5,2,Clothing,Hankerchief,UPI,27.3314° N,88.6138° E
B-25707,1-Jul-18,Shivani,Maharashtra,Mumbai,8,-6,1,Clothing,Stole,COD,19.0760° N,72.8777° E
B-25758,22-Aug-18,Shubham,Himachal Pradesh,Simla,8,-2,1,Clothing,Stole,COD,31.1050° N,77.1640° E
B-26095,28-Mar-18,Monisha,Rajasthan,Jaipur,6,1,1,Clothing,Kurti,UPI,26.9124° N,75.7873° E
